{
  "id" : 58907,
  "update_date" : "Oct 16, 2019 08:15:58 PM",
  "title" : "Angr",
  "items" : [
    {
      "id" : 265516,
      "title" : "Find&Avoid",
      "update_date" : "Oct 16, 2019 08:09:05 AM",
      "task_list" : [
        {
          "name" : "Find",
          "stepic_id" : 878328,
          "update_date" : "Oct 16, 2019 08:09:10 AM",
          "files" : {
            "tests/test_task.py" : {
              "name" : "tests/test_task.py",
              "placeholders" : [ ],
              "is_visible" : false,
              "text" : "import unittest\nimport subprocess\nfrom ..task import solve\n\nBINARY_NAME = \"Find/angr_find\"\n\n\nclass TestCase(unittest.TestCase):\n    def test(self):\n        solution = solve(BINARY_NAME)\n        p = subprocess.Popen([BINARY_NAME], shell=True, stdin=subprocess.PIPE, stdout=subprocess.PIPE)\n        output = p.communicate(input=bytes(solution))\n        print(str(output))\n        self.assertEqual(\"Good Job.\" in str(output), True)\n"
            },
            "__init__.py" : {
              "name" : "__init__.py",
              "placeholders" : [ ],
              "is_visible" : true,
              "text" : ""
            },
            "tests/__init__.py" : {
              "name" : "tests/__init__.py",
              "placeholders" : [ ],
              "is_visible" : false,
              "text" : ""
            },
            "task.py" : {
              "name" : "task.py",
              "placeholders" : [
                {
                  "offset" : 861,
                  "length" : 7,
                  "possible_answer" : "0x0804867d",
                  "placeholder_text" : "address"
                }
              ],
              "is_visible" : true,
              "text" : "import angr\n\n\ndef solve(file):\n    # Commençons par créer un projet Angr.\n    project = angr.Project(file)\n\n    # Récupération de l'état initial du programme pour indiquer à Angr de commencer au main().\n    initial_state = project.factory.entry_state()\n\n    # Création d'un simulation manager initialisé à l'état initial. Le simulation manager offre un bon nombre\n    # d'outils utiles à la recherche et à l'execution du binaire.\n    simulation = project.factory.simulation_manager(initial_state)\n\n    # Explorons le binaire (par exemple via GDB) pour trouver l'addresse qui affiche \"Good Job.\"\n    # Vous devrez faire la recherche par vous même et insérer ici l'addresse en question.\n    # La fonction explore s'executera jusqu'à ce qu'Angr ait trouvé une solution satisfaisante\n    # ou qu'il ait épuisé les chemins de recherche possibles.\n    good_address = address\n    simulation.explore(find=good_address)\n\n    # Vérifions qu'une solution a été trouvée. La fonction simulation.explore remplira dans simulation.found\n    # la liste des états du programme dans lequel il a trouvé l'instruction qu'on lui a demaéndé de trouver.\n    if simulation.found:\n        # la fonction explore s'arrête après avoir trouvé un état qui arrive à l'addresse requise.\n        solution_state = simulation.found[0]\n\n        # récupérons le contenu de stdin à la fin de la recherche\n        solution = solution_state.posix.dumps(0)\n\n        return solution\n    else:\n        # Angr n'a rien trouvé, quittons avec une erreur. Auriez vous fait une erreur en entrant good_address ?\n        raise Exception('Could not find the solution')\n\n"
            }
          },
          "description_text" : "<html>\n<h2>Introduction & Find</h2>\nAvant de commencer, quelques infos à propos des exercices qui vous sont proposés\n<br /><br />\nVeuillez commencer par lancer le script build.sh à la racine du projet que vous avez créé.\nLe script ira télécharger les binaires nécessaires au workshop.\n<br /><br />\nChaque binaire, une fois lancé, demandera un mot de passe qui devra être entré\nvia stdin. Certains challenges pourront admettre plusieurs mots de passe\ndifférents, votre objectif est d'en trouver un qui fonctionne pour chaque\nbinaire.\n<br /><br />\nSi vous entrez un mauvais mot de passe, le programme affichera \"Try again.\", si\nvous entrez un mot de passe correct, il affichera \"Good Job.\"\n<br /><br />\nChaque challenge est accompagné d'un fichier appelé task.py, qui vous aidera\ndans la résolution du challenge, en plus de vous offrir le squelette d'une\nsolution possible. Vous devrez modifier chacun de ces fichier, parfois de\nmanière significative. Même si nous recommandons l'usage de ces fichiers, vous\nêtes libres de créer les votre de zéro si bon vous semble.\n<br /><br />\nVos solutions doivent se trouver dans les fichiers task.py.\n\n<h2>GDB Cheatsheet</h2>\nPour vous aider un peu, voici quelques commandes de gdb pour vous aider.\n<ul>\n    <li>disas <code>&lt;func&gt;</code>: affiche le désassemblage de la fonction <code>func</code></li>\n    <li>x/s <code>&lt;address&gt;</code>: affiche le contenu de la mémoire à l'addresse <code>address</code></li>\n</ul>\n</html>\n",
          "description_format" : "HTML",
          "feedback_link" : {
            "link_type" : "STEPIK"
          },
          "task_type" : "edu"
        },
        {
          "name" : "Avoid",
          "stepic_id" : 878329,
          "update_date" : "Oct 16, 2019 08:09:11 AM",
          "files" : {
            "task.py" : {
              "name" : "task.py",
              "placeholders" : [
                {
                  "offset" : 207,
                  "length" : 7,
                  "possible_answer" : "0x080485e5",
                  "placeholder_text" : "address"
                },
                {
                  "offset" : 246,
                  "length" : 7,
                  "possible_answer" : "0x080485a8",
                  "placeholder_text" : "address"
                }
              ],
              "is_visible" : true,
              "text" : "import angr\n\n\ndef solve(file):\n    project = angr.Project(file)\n    initial_state = project.factory.entry_state()\n    simulation = project.factory.simulation_manager(initial_state)\n\n    print_good_address = address\n    will_not_succeed_address = address\n    simulation.explore(find=print_good_address, avoid=will_not_succeed_address)\n\n    if simulation.found:\n        solution_state = simulation.found[0]\n        print(solution_state.posix.dumps(1))\n        return solution_state.posix.dumps(0)\n    else:\n        raise Exception('Could not find the solution')\n"
            },
            "tests/test_task.py" : {
              "name" : "tests/test_task.py",
              "placeholders" : [ ],
              "is_visible" : false,
              "text" : "import unittest\nimport subprocess\nfrom ..task import solve\n\nBINARY_NAME = \"Avoid/angr_avoid\"\n\n\nclass TestCase(unittest.TestCase):\n    def test(self):\n        solution = solve(BINARY_NAME)\n        p = subprocess.Popen([BINARY_NAME], shell=True, stdin=subprocess.PIPE, stdout=subprocess.PIPE)\n        output = p.communicate(input=bytes(solution))\n        print(str(output))\n        self.assertEqual(\"Good Job.\" in str(output), True)\n"
            },
            "__init__.py" : {
              "name" : "__init__.py",
              "placeholders" : [ ],
              "is_visible" : true,
              "text" : ""
            },
            "tests/__init__.py" : {
              "name" : "tests/__init__.py",
              "placeholders" : [ ],
              "is_visible" : false,
              "text" : ""
            }
          },
          "description_text" : "<html>\n<h2>Avoid</h2>\nDans cette tâche, vous aurez à analyser un binaire assez large. Pour aider Angr à analyser votre binaire de manière efficace,\non peut lui donner des addresses à éviter via le paramètre <code>avoid</code> de <code>simulation.explore</code>.\n<br /><br />\nLe binaire est assez large, ainsi pour vous aider sachez que tout ce qui vous intéresse se trouve au début de l'espace d'addressage du binaire.\n<div class=\"hint\">\n  Pensez à regarder les noms des fonctions du binaire, peut-être peuvent-elle aider ?\n</div>\n</html>\n",
          "description_format" : "HTML",
          "feedback_link" : {
            "link_type" : "STEPIK"
          },
          "task_type" : "edu"
        },
        {
          "name" : "Condition",
          "stepic_id" : 878330,
          "update_date" : "Oct 16, 2019 08:09:13 AM",
          "files" : {
            "task.py" : {
              "name" : "task.py",
              "placeholders" : [
                {
                  "offset" : 440,
                  "length" : 9,
                  "possible_answer" : "bytes(\"Good Job.\", \"ascii\") in stdout_output",
                  "placeholder_text" : "condition"
                },
                {
                  "offset" : 1094,
                  "length" : 9,
                  "possible_answer" : "bytes(\"Try again.\", \"ascii\") in stdout_output",
                  "placeholder_text" : "condition"
                }
              ],
              "is_visible" : true,
              "text" : "import angr\n\n\ndef solve(file):\n    project = angr.Project(file)\n    initial_state = project.factory.entry_state()\n    simulation = project.factory.simulation_manager(initial_state)\n\n    # Créez une fonction qui vérifie que l'état est bien atteint\n    def is_successful(state):\n        # Récupére ce qui a été affiché par le binaire\n        stdout_output = state.posix.dumps(1)\n\n        # Renvoie si \"Good Job.\" a été affiché\n        return condition\n\n    # Same as above, but this time check if the state should abort. If you return\n    # False, Angr will continue to step the state. In this specific challenge, the\n    # only time at which you will know you should abort is when the program prints\n    # \"Try again.\"\n    # Même chose qu'au dessus, mais cette fois vérifie si l'état doit indiquer au\n    # programme de s'arrêter. Si vous retournez False, Angr continuera d'avancer.\n    # Dans ce challenge spécifique, le seul cas où vous devez arrêter, c'est quand\n    # le programme affiche 'Try again.\"\n    def should_abort(state):\n        stdout_output = state.posix.dumps(1)\n        return condition\n\n    # Dit à Angr d'explorer le binaire et trouver les états que is_successful identifie\n    # comme état de réussite en renvoyant True.\n    simulation.explore(find=is_successful, avoid=should_abort)\n\n    if simulation.found:\n        solution_state = simulation.found[0]\n        return solution_state.posix.dumps(0)\n    else:\n        raise Exception('Could not find the solution')\n"
            },
            "tests/test_task.py" : {
              "name" : "tests/test_task.py",
              "placeholders" : [ ],
              "is_visible" : false,
              "text" : "import unittest\nimport subprocess\nfrom ..task import solve\n\nBINARY_NAME = \"Condition/angr_find_condition\"\n\n\nclass TestCase(unittest.TestCase):\n    def test(self):\n        solution = solve(BINARY_NAME)\n        p = subprocess.Popen([BINARY_NAME], shell=True, stdin=subprocess.PIPE, stdout=subprocess.PIPE)\n        output = p.communicate(input=bytes(solution))\n        print(str(output))\n        self.assertEqual(\"Good Job.\" in str(output), True)\n"
            },
            "__init__.py" : {
              "name" : "__init__.py",
              "placeholders" : [ ],
              "is_visible" : true,
              "text" : ""
            },
            "tests/__init__.py" : {
              "name" : "tests/__init__.py",
              "placeholders" : [ ],
              "is_visible" : false,
              "text" : ""
            }
          },
          "description_text" : "<html>\n<h2>Conditions</h2>\nIl peut être utile de chercher un état qui permet d'atteindre une certaine instruction.\nCependant dans certains cas, vous pouvez ne pas connaître l'addresse de l'instruction\nspécifique que vous souhaitez atteindre, ou alors il n'y a pas d'instruction unique valide.\nDans ce challenge, vous ne saurez pas quelle instruction correspond à une réussite.\nTout ce que vous savez, c'est que vous voulez atteindre un état pour le quel le binaire affiche\n\"Good Job.\"\n<br /><br />\nAngr est suffisamment puissant pour vous permettre de chercher un état qui satisfait une condition\nque vous écrivez en python, via une fonction qui prend un état Angr, et qui renvoie True si l'état\nest satisfaisant, et False sinon.\n\n<div class=\"hint\">\n  Si vous avez des erreurs avec vos strings, vous pouvez tenter de les convertir en <code>bytes</code>, ça devrait mieux fonctionner.\n</div>\n</html>\n",
          "description_format" : "HTML",
          "feedback_link" : {
            "link_type" : "STEPIK"
          },
          "task_type" : "edu"
        }
      ],
      "unit_id" : 246473,
      "type" : "lesson"
    },
    {
      "id" : 265517,
      "title" : "Données_Symboliques",
      "update_date" : "Oct 16, 2019 08:09:14 AM",
      "task_list" : [
        {
          "name" : "Registres",
          "stepic_id" : 878331,
          "update_date" : "Oct 16, 2019 08:09:17 AM",
          "files" : {
            "task.py" : {
              "name" : "task.py",
              "placeholders" : [
                {
                  "offset" : 377,
                  "length" : 7,
                  "possible_answer" : "0x80488d1",
                  "placeholder_text" : "address"
                },
                {
                  "offset" : 985,
                  "length" : 4,
                  "possible_answer" : "32",
                  "placeholder_text" : "size"
                },
                {
                  "offset" : 1058,
                  "length" : 19,
                  "possible_answer" : "  password1_size_in_bits = 32\n    password1 = claripy.BVS('password1', password1_size_in_bits)\n\n    password2_size_in_bits = 32\n    password2 = claripy.BVS('password2', password2_size_in_bits)",
                  "placeholder_text" : "other bitvectors..."
                },
                {
                  "offset" : 1771,
                  "length" : 4,
                  "possible_answer" : "eax",
                  "placeholder_text" : "reg?"
                },
                {
                  "offset" : 1790,
                  "length" : 3,
                  "possible_answer" : "  initial_state.regs.ebx = password1\n    initial_state.regs.edx = password2",
                  "placeholder_text" : "???"
                },
                {
                  "offset" : 2609,
                  "length" : 3,
                  "possible_answer" : "        solution1 = solution_state.se.eval(password1)\n        solution2 = solution_state.se.eval(password2)",
                  "placeholder_text" : "???"
                },
                {
                  "offset" : 2850,
                  "length" : 10,
                  "possible_answer" : "' '.join(map('{:x}'.format, [solution0, solution1, solution2]))",
                  "placeholder_text" : "solution ?"
                }
              ],
              "is_visible" : true,
              "text" : "import angr\nimport claripy\nimport sys\n\n\ndef solve(file):\n    project = angr.Project(file)\n\n    # Vous devez parfois spécifier à Angr où le programme doit commencer. La variable\n    # start_address spécifie l'endroit du code où l'execution symbolique doit commencer.\n    # Notez par ailleurs que l'on utilise ici blank_state, et non entry_state comme avant.\n    start_address = address  # :integer (probably hexadecimal)\n    initial_state = project.factory.blank_state(addr=start_address)\n\n    # Créons un bitvector symbolique, le type de données dont Angr se sert pour injecter\n    # des valeurs symboliques dans le binaire. Le premier paramètre est simplement le nom\n    # utilisé par Angr pour y faire référence.\n    # Vous aurez à construire plusieurs bitvectors, en copiant les deux lignes ci-dessous.\n    # Pour trouver combien de bitvectors vous devrez créer, désassemblez le binaire et tentez\n    # de trouver la string de formatage passée à scanf.\n    password0_size_in_bits = size\n    password0 = claripy.BVS('password0', password0_size_in_bits)\n\n  other bitvectors...\n\n    # Associons un registre à une valeur symbolique, il s'agit d'une des manières d'injecter\n    # des valeurs symboliques dans le programme.\n    # initial_state.regs contient un certain nombre d'attributs qui font référence à des\n    # registres par leur nom. Par exemple, pour associer eax à password0, vous pouvez utiliser :\n    #\n    # initial_state.regs.eax = password0\n    #\n    # Voyus devrez associer différents registres à vos bitvectors. Copiez la ligne suivante\n    # en changant le registre. Pour déterminer dans quels registes associer quels symboles,\n    # désassemblez le binaire et regardez les instructions suivant immédiatement l'appel\n    # à scanf.\n    initial_state.regs.reg? = password0\n  ???\n\n    simulation = project.factory.simgr(initial_state)\n\n    def is_successful(state):\n        stdout_output = state.posix.dumps(sys.stdout.fileno())\n        return bytes('Good Job.', \"ascii\") in stdout_output\n\n    def should_abort(state):\n        stdout_output = state.posix.dumps(sys.stdout.fileno())\n        return bytes('Try again.', \"ascii\") in stdout_output\n\n    simulation.explore(find=is_successful, avoid=should_abort)\n\n    if simulation.found:\n        solution_state = simulation.found[0]\n\n        # Résolvons les valeurs symboliques. S'il y a plusieurs solutions possibles,\n        # nous n'avons besoin que de la première, ainsi on peut utiliser eval qui\n        # renvoie une solution quelconque si on lui passe le bitvector que l'on veut résoudre.\n        solution0 = solution_state.se.eval(password0)\n???\n\n        # Il ne reste plus qu'à recoller et formatter la solution obtenue, puis\n        # renvoyer la chaîne complète. Attention à l'ordre des entiers, ainsi qu'à\n        # la base dans laquelle ils sont représentés.\n        solution = solution ?\n        return solution\n    else:\n        raise Exception('Could not find the solution')\n"
            },
            "tests/test_task.py" : {
              "name" : "tests/test_task.py",
              "placeholders" : [ ],
              "is_visible" : false,
              "text" : "import unittest\nimport subprocess\nfrom ..task import solve\n\nBINARY_NAME = \"Registres/angr_symbolic_registers\"\n\n\nclass TestCase(unittest.TestCase):\n    def test(self):\n        solution = solve(BINARY_NAME)\n        p = subprocess.Popen([BINARY_NAME], shell=True, stdin=subprocess.PIPE, stdout=subprocess.PIPE)\n        output = p.communicate(input=bytes(solution, \"ascii\"))\n        print(str(output))\n        self.assertEqual(\"Good Job.\" in str(output), True)\n"
            },
            "__init__.py" : {
              "name" : "__init__.py",
              "placeholders" : [ ],
              "is_visible" : true,
              "text" : ""
            },
            "tests/__init__.py" : {
              "name" : "tests/__init__.py",
              "placeholders" : [ ],
              "is_visible" : false,
              "text" : ""
            }
          },
          "description_text" : "<html>\n<h2>Registres Symboliques</h2>\nActuellement, Angr ne supporte pas le fait de lire plusieurs choses d'un seul coup\nvia scanf (par exemple <code>scanf(\"%u %u\")</code>.) Dans cet exercice, vous devrez\nindiquer au moteur de simulation d'Angr de commencer après l'appel à scanf, et injecter à la main\nles symboles dans des registres.\n<br /><br />\nPour rappel, un registre est une zone de mémoire située dans le processeur, utilisé comme stockage intermédiaire pour la réalisation des opérations du processeur.\nLeurs noms commencent en général par un \"e\" en 32bits, et par un \"r\" en 64bits (par exemple eax->rax, eip->rip...).\n\n<div class=\"hint\">\n  Quelle est la fonction qui fait l'appel à scanf ?\n</div>\n<div class=\"hint\">\n  Que se passe-t-il dans main() après l'appel à cette fonction ?\n</div>\n</html>\n",
          "description_format" : "HTML",
          "feedback_link" : {
            "link_type" : "STEPIK"
          },
          "task_type" : "edu"
        },
        {
          "name" : "Stack",
          "stepic_id" : 0,
          "update_date" : "Jan 01, 1970 12:00:00 AM",
          "files" : {
            "task.py" : {
              "name" : "task.py",
              "placeholders" : [
                {
                  "offset" : 1275,
                  "length" : 7,
                  "possible_answer" : "0x8048697",
                  "placeholder_text" : "address"
                },
                {
                  "offset" : 3115,
                  "length" : 4,
                  "possible_answer" : "32",
                  "placeholder_text" : "size"
                },
                {
                  "offset" : 3121,
                  "length" : 14,
                  "possible_answer" : "    password1 = claripy.BVS('password1', 32)",
                  "placeholder_text" : "other values ?"
                },
                {
                  "offset" : 5203,
                  "length" : 3,
                  "possible_answer" : "8",
                  "placeholder_text" : "???"
                },
                {
                  "offset" : 5627,
                  "length" : 8,
                  "possible_answer" : "password0",
                  "placeholder_text" : "vector ?"
                },
                {
                  "offset" : 5637,
                  "length" : 12,
                  "possible_answer" : "    initial_state.stack_push(password1)",
                  "placeholder_text" : "more lines ?"
                },
                {
                  "offset" : 6167,
                  "length" : 5,
                  "possible_answer" : "        solution1 = solution_state.se.eval(password1)",
                  "placeholder_text" : "lines"
                },
                {
                  "offset" : 6193,
                  "length" : 3,
                  "possible_answer" : "' '.join(map(str, [solution0, solution1]))",
                  "placeholder_text" : "???"
                }
              ],
              "is_visible" : true,
              "text" : "import angr\nimport claripy\nimport sys\n\n\ndef solve(file):\n    project = angr.Project(file)\n\n    # Pour ce challenge, nous voulons commencer le programme après l'appel à scanf\n    # Notez que nous allons arriver en plein milieu d'une fonction.\n    #\n    # Ce challenge a pour objectif de vous faire travailler avec la stack, il vous\n    # faudra donc prếter attention à l'endroit ou vous commencer, ou vous risquez\n    # d'entrer dans une condition avec la stack placée de manière incorrecte. Pour\n    # déterminer où commencer après scanf, jetons un oeil au désassemblage de l'appel\n    # et à l'instruction suivant l'appel.\n    #   sub    $0x4,%esp\n    #   lea    -0x10(%ebp),%eax\n    #   push   %eax\n    #   lea    -0xc(%ebp),%eax\n    #   push   %eax\n    #   push   $0x80489c3\n    #   call   8048370 <__isoc99_scanf@plt>\n    #   add    $0x10,%esp\n    # La question est: voulons nous commencer à l'instruction suivant directement scanf,\n    # où à l'instruction juste après ? Demandez vous ce que le 'add $0x10,%esp' peut\n    # bien faire (Indice, àa a un lien avec les paramètres de scanf push sur la\n    # stack avant l'appel de fonction). Étant donné que nous ne voulons pas d'appel à\n    # scanf dans notre simulation Angr, où devons nous commencer ?\n    start_address = address\n    initial_state = project.factory.blank_state(addr=start_address)\n\n    # Nous sautons en plein milieu d'une fonction! Pour que tout se passe bien,\n    # nous devons prendre en compte la manière dont la fonction construit la stack\n    # La deuxième instruction de la fonction est:\n    #   mov    %esp,%ebp\n    # A ce point, le programme alloue de l'espace sur la stack.\n    #   sub    $0x18,%esp\n    # Notez que la valeur de esp est relative à ebp, l'espace entre les deux registres\n    # correspond à l'espace de stack dédié à la fonction courante. Esp a été réduit de 0x18\n    # ce qui indique qu'on a 0x18 octets de place de disponible.\n    #\n    #        /--------  La stack --------\\\n    # ebp -> |                           |\n    #        |---------------------------|\n    #        |                           |\n    #        |---------------------------|\n    #         . . . (total de 0x18 bytes)\n    #         . . . On a quelque part ici\n    #         . . . la data qui stocke le\n    #         . . . retour de scanf.\n    # esp -> |                           |\n    #        \\---------------------------/\n    #\n    # Puisque l'on commence après scanf, on saute cette étape de construction de\n    # la stack. Pour contrebalancer ça, on doit la construire nous même. Commençons\n    # par initialiser ebp de la même manière que ce que le programme fait\n    initial_state.regs.ebp = initial_state.regs.esp\n\n    # scanf(\"%u %u\") doit être replacé par deux bitvectors. Il est nécessaire de\n    # faire ça car Angr n'est pas actuellement capable d'injecter des symboles\n    # automatiquement si scanf a plus d'un paramètre. Ainsi Angr est capable de\n    # géréer scanf(\"%u\") seul, mais pas scanf(\"%u %u\").\n    # Vous pouvez soit copier coller la ligne suivant soit utiliser une liste Python.\n    password0 = claripy.BVS('password0', size)\nother values ?\n\n    # Nous voici arrivés à la partie compliquée, nous devons comprendre à quoi\n    # la stack ressemble, ou du moins suffisamment pour injecter nos symboles\n    # où nous voulons. Pour ça, essayons de comprendre quels sont les paramètres\n    # de scanf:\n    #   sub    $0x4,%esp\n    #   lea    -0x10(%ebp),%eax\n    #   push   %eax\n    #   lea    -0xc(%ebp),%eax\n    #   push   %eax\n    #   push   $0x80489c3\n    #   call   8048370 <__isoc99_scanf@plt>\n    #   add    $0x10,%esp\n    # Comme vous pouvez le voir, l'appel à scanf ressemble à ceci\n    # scanf(  0x80489c3,   ebp - 0xc,   ebp - 0x10  )\n    #      format_string    password0    password1\n    #  basé sur ces infos, on peut créer un nouveau diagramme plus précis\n    #\n    #            /-------- The stack --------\\\n    # ebp ->     |          padding          |\n    #            |---------------------------|\n    # ebp - 0x01 |       more padding        |\n    #            |---------------------------|\n    # ebp - 0x02 |     even more padding     |\n    #            |---------------------------|\n    #                        . . .               <- Quelle quantité de padding?\n    #            |---------------------------|      Indice: combien de bytes dans password0 ?\n    # ebp - 0x0b |   password0, second byte  |\n    #            |---------------------------|\n    # ebp - 0x0c |   password0, first byte   |\n    #            |---------------------------|\n    # ebp - 0x0d |   password1, last byte    |\n    #            |---------------------------|\n    #                        . . .\n    #            |---------------------------|\n    # ebp - 0x10 |   password1, first byte   |\n    #            |---------------------------|\n    #                        . . .\n    #            |---------------------------|\n    # esp ->     |                           |\n    #            \\---------------------------/\n    #\n    # A vous de comprendre quel espace il y a et allouer le padding nécessaire\n    # sur la stack en décrémentant esp avant de push les bitvectors du mot de passe.\n    padding_length_in_bytes = ???\n    initial_state.regs.esp -= padding_length_in_bytes\n\n    # Plus qu'à push les variables sur la stack, attention toute fois à les push dans\n    # le bon ordre. La syntaxe de la fonction est:\n    #\n    # initial_state.stack_push(bitvector)\n    #\n    # Ce qui va push le bitvector sur la task, et incrementer esp par le bon nombre.\n    # Il vous faudra push plusieurs bitvectors sur la stack\n    initial_state.stack_push(vector ?)\nmore lines ?\n\n    simulation = project.factory.simgr(initial_state)\n\n    def is_successful(state):\n        stdout_output = state.posix.dumps(1)\n        return bytes('Good Job.', \"ascii\") in stdout_output\n\n    def should_abort(state):\n        stdout_output = state.posix.dumps(1)\n        return bytes('Try again.', \"ascii\") in stdout_output\n\n    simulation.explore(find=is_successful, avoid=should_abort)\n\n    if simulation.found:\n        solution_state = simulation.found[0]\n\n        solution0 = solution_state.se.eval(password0)\nlines\n\n        solution = ???\n        return solution\n    else:\n        raise Exception('Could not find the solution')\n"
            },
            "tests/test_task.py" : {
              "name" : "tests/test_task.py",
              "placeholders" : [ ],
              "is_visible" : false,
              "text" : "import unittest\nimport subprocess\nimport os\nfrom ..task import solve\n\nBINARY_NAME = \"Stack/angr_symbolic_stack\"\n\n\nclass TestCase(unittest.TestCase):\n    def test(self):\n        print(os.getcwd())\n        solution = solve(BINARY_NAME)\n        p = subprocess.Popen([BINARY_NAME], shell=True, stdin=subprocess.PIPE, stdout=subprocess.PIPE)\n        output = p.communicate(input=bytes(solution, \"ascii\"))\n        print(str(output))\n        self.assertEqual(\"Good Job.\" in str(output), True)\n"
            },
            "__init__.py" : {
              "name" : "__init__.py",
              "placeholders" : [ ],
              "is_visible" : true,
              "text" : ""
            },
            "tests/__init__.py" : {
              "name" : "tests/__init__.py",
              "placeholders" : [ ],
              "is_visible" : false,
              "text" : ""
            }
          },
          "description_text" : "<html>\n<h2>Stack Symbolique</h2>\nAttention, ce challenge sera plus compliqué que les précédents. L'objet de ces exercices\nétant d'enseigner l'execution symbolique, et non la manière de construire des\nstack frames, vous serez guidés dans la compréhension de ce qui se trouve sur\nla stack.\n<br /><br />\nPetit rappel avant de commencer, la stack est une zone de la RAM sur laquelle\nest stockée toute la mémoire interne aux fonctions, notamment les variables\nlocales à chaque fonction.\n<br /><br />\n<b>Attention</b>: Certaines addresses sont déjà présentes dans le script, mais\nne sont pas nécessairement juste, car elles peuvent dépendre de votre système.\nA vous de désassembler le binaire pour trouver les bonnes addresses!\n</html>\n",
          "description_format" : "HTML",
          "feedback_link" : {
            "link_type" : "STEPIK"
          },
          "task_type" : "edu"
        },
        {
          "name" : "Memoire",
          "stepic_id" : 0,
          "update_date" : "Jan 01, 1970 12:00:00 AM",
          "files" : {
            "task.py" : {
              "name" : "task.py",
              "placeholders" : [
                {
                  "offset" : 111,
                  "length" : 3,
                  "possible_answer" : "0x8048606",
                  "placeholder_text" : "???"
                },
                {
                  "offset" : 276,
                  "length" : 3,
                  "possible_answer" : "8 * 8",
                  "placeholder_text" : "???"
                },
                {
                  "offset" : 285,
                  "length" : 3,
                  "possible_answer" : "password1 = claripy.BVS('password1', 8 * 8)\n    password2 = claripy.BVS('password2', 8 * 8)\n    password3 = claripy.BVS('password3', 8 * 8)",
                  "placeholder_text" : "???"
                },
                {
                  "offset" : 674,
                  "length" : 3,
                  "possible_answer" : "0xa29faa0",
                  "placeholder_text" : "???"
                },
                {
                  "offset" : 739,
                  "length" : 3,
                  "possible_answer" : "    password1_address = 0xa29faa8\n    initial_state.memory.store(password1_address, password1)\n    password2_address = 0xa29fab0\n    initial_state.memory.store(password2_address, password2)\n    password3_address = 0xa29fab8\n    initial_state.memory.store(password3_address, password3)",
                  "placeholder_text" : "???"
                },
                {
                  "offset" : 1534,
                  "length" : 3,
                  "possible_answer" : "solution1 = solution_state.se.eval(password1, cast_to=bytes)\n        solution2 = solution_state.se.eval(password2, cast_to=bytes)\n        solution3 = solution_state.se.eval(password3, cast_to=bytes)",
                  "placeholder_text" : "???"
                },
                {
                  "offset" : 1558,
                  "length" : 3,
                  "possible_answer" : "' '.join([str(solution0), str(solution1), str(solution2), str(solution3)])",
                  "placeholder_text" : "???"
                }
              ],
              "is_visible" : true,
              "text" : "import angr\nimport claripy\nimport sys\n\n\ndef solve(file):\n    project = angr.Project(file)\n\n    start_address = ???\n    initial_state = project.factory.blank_state(addr=start_address)\n\n    # Le binaire appelle scanf(\"%8s %8s %8s %8s\").\n    password0 = claripy.BVS('password0', ???)\n    ???\n\n    # Déterminons l'addresse de la variable globale dans laquelle scanf écrit l'entrée\n    # utilisateur. La fonction 'initial_state.memory.store(address, value)' peut\n    # écrire 'value' (un bitvector) dans 'address' (un endroit dans la mémoire, représenté\n    # par un entier). Le paramètre 'address' peut aussi être un bitvector\n    # (voire symbolique !)\n    password0_address = ???\n    initial_state.memory.store(password0_address, password0)\n???\n\n    simulation = project.factory.simgr(initial_state)\n\n    def is_successful(state):\n        stdout_output = state.posix.dumps(sys.stdout.fileno())\n        return bytes('Good Job.', \"ascii\") in stdout_output\n\n    def should_abort(state):\n        stdout_output = state.posix.dumps(sys.stdout.fileno())\n        return bytes('Try again.', 'ascii') in stdout_output\n\n    simulation.explore(find=is_successful, avoid=should_abort)\n\n    if simulation.found:\n        solution_state = simulation.found[0]\n\n        # Résolvons pour les valeurs symboliques. Nous essayons de résoudre une\n        # string, pour cela on peut utiliser eval, avec le paramètre cast_to=str\n        # qui renvoit une string au lieu d'un entier.\n        solution0 = solution_state.se.eval(password0, cast_to=bytes)\n        ???\n\n        solution = ???\n\n        return solution\n    else:\n        raise Exception('Could not find the solution')\n"
            },
            "tests/test_task.py" : {
              "name" : "tests/test_task.py",
              "placeholders" : [ ],
              "is_visible" : false,
              "text" : "import unittest\nimport subprocess\nimport os\nfrom ..task import solve\n\nBINARY_NAME = \"Memoire/angr_symbolic_memory\"\n\n\nclass TestCase(unittest.TestCase):\n    def test(self):\n        print(os.getcwd())\n        solution = solve(BINARY_NAME)\n        p = subprocess.Popen([BINARY_NAME], shell=True, stdin=subprocess.PIPE, stdout=subprocess.PIPE)\n        output = p.communicate(input=bytes(solution, \"ascii\"))\n        print(str(output))\n        self.assertEqual(\"Good Job.\" in str(output), True)\n"
            },
            "__init__.py" : {
              "name" : "__init__.py",
              "placeholders" : [ ],
              "is_visible" : true,
              "text" : ""
            },
            "tests/__init__.py" : {
              "name" : "tests/__init__.py",
              "placeholders" : [ ],
              "is_visible" : false,
              "text" : ""
            }
          },
          "description_text" : "<html>\nWrite your task text here.\n<div class=\"hint\">\n  Hints can be added anywhere in task text: type \"hint\" and press Tab.\n</div>\n</html>",
          "description_format" : "HTML",
          "feedback_link" : {
            "link_type" : "STEPIK"
          },
          "task_type" : "edu"
        }
      ],
      "unit_id" : 246474,
      "type" : "lesson"
    }
  ],
  "authors" : [
    "Oursin"
  ],
  "summary" : "Workshop d'introduction au framework Angr",
  "programming_language" : "Python",
  "language" : "en",
  "environment" : "unittest",
  "additional_files" : [
    {
      "name" : "build.sh",
      "placeholders" : [ ],
      "is_visible" : true,
      "text" : "#!/usr/bin/env bash\n\nwget https://oursin.eu/bins/angr_find -P \"Find&Avoid/Find\"\necho -ne \"- name: angr_find\\n  visible: true\\n\" >> \"Find&Avoid/Find/task-info.yaml\"\nchmod +x \"Find&Avoid/Find/angr_find\"\nwget https://oursin.eu/bins/angr_avoid -P \"Find&Avoid/Avoid\"\necho -ne \"- name: angr_avoid\\n  visible: true\\n\" >> \"Find&Avoid/Avoid/task-info.yaml\"\nchmod +x \"Find&Avoid/Avoid/angr_avoid\"\nwget https://oursin.eu/bins/angr_find_condition -P \"Find&Avoid/Condition\"\necho -ne \"- name: angr_find_condition\\n  visible: true\\n\" >> \"Find&Avoid/Condition/task-info.yaml\"\nchmod +x \"Find&Avoid/Condition/angr_find_condition\"\nwget https://oursin.eu/bins/angr_symbolic_registers -P \"Données_Symboliques/Registres\"\necho -ne \"- name: angr_symbolic_registers\\n  visible: true\\n\" >> \"Données_Symboliques/Registres/task-info.yaml\"\nchmod +x \"Données_Symboliques/Registres/angr_symbolic_registers\"\nwget https://oursin.eu/bins/angr_symbolic_stack -P \"Données_Symboliques/Stack\"\necho -ne \"- name: angr_symbolic_stack\\n  visible: true\\n\" >> \"Données_Symboliques/Stack/task-info.yaml\"\nchmod +x \"Données_Symboliques/Stack/angr_symbolic_stack\"\nwget https://oursin.eu/bins/angr_symbolic_memory -P \"Données_Symboliques/Mémoire\"\necho -ne \"- name: angr_symbolic_memory\\n  visible: true\\n\" >> \"Données_Symboliques/Mémoire/task-info.yaml\"\nchmod +x \"Données_Symboliques/Mémoire/angr_symbolic_memory\"\n"
    }
  ],
  "course_type" : "PyCharm",
  "version" : 11
}